"Aankoop","Activiteit","Apparaten","Per apparaat ↓","Per apparaat ↑","Totaal ↓","Totaal ↑"
"Aankoop 1","Streamen (4K)","1","15.0","0.5","15.0","0.5"
"Aankoop 2","Videobellen","2","3.0","3.0","6.0","6.0"
"Aankoop 3","Browsen en berichten","4","1.0","0.5","4.0","2.0"
"Benodigde download","","","","","25.0",""
"Benodigde upload","","","","","","8.5"
"Download van je abonnement (Mbps)","","","","","100.0",""
"Upload van je abonnement (Mbps)","","","","","","20.0"
"Ruimte ↓ / ↑","","","","","75.0","11.5"
"Status","","","","","Past","Past"
