"Kupnja","Aktivnost","Uređaji","Po uređaju ↓","Po uređaju ↑","Ukupno ↓","Ukupno ↑"
"Kupnja 1","Streaming (4K)","1","15.0","0.5","15.0","0.5"
"Kupnja 2","Videopozivi","2","3.0","3.0","6.0","6.0"
"Kupnja 3","Pregledavanje i poruke","4","1.0","0.5","4.0","2.0"
"Potrebno preuzimanje","","","","","25.0",""
"Potrebno slanje","","","","","","8.5"
"Paket preuzimanje (Mbps)","","","","","100.0",""
"Paket slanje (Mbps)","","","","","","20.0"
"Rezerva ↓ / ↑","","","","","75.0","11.5"
"Stanje","","","","","Dovoljno","Dovoljno"
