"Покупка","Заняття","Пристроїв","На пристрій ↓","На пристрій ↑","Разом ↓","Разом ↑"
"Покупка 1","Стримінг (4K)","1","15.0","0.5","15.0","0.5"
"Покупка 2","Відеодзвінки","2","3.0","3.0","6.0","6.0"
"Покупка 3","Браузер і месенджери","4","1.0","0.5","4.0","2.0"
"Потрібне завантаження","","","","","25.0",""
"Потрібна віддача","","","","","","8.5"
"Тариф: завантаження (Мбіт/с)","","","","","100.0",""
"Тариф: віддача (Мбіт/с)","","","","","","20.0"
"Запас ↓ / ↑","","","","","75.0","11.5"
"Стан","","","","","Вистачає","Вистачає"
