"Αγορά","Δραστηριότητα","Συσκευές","Ανά συσκευή ↓","Ανά συσκευή ↑","Σύνολο ↓","Σύνολο ↑"
"Αγορά 1","Streaming (4K)","1","15.0","0.5","15.0","0.5"
"Αγορά 2","Βιντεοκλήσεις","2","3.0","3.0","6.0","6.0"
"Αγορά 3","Περιήγηση και μηνύματα","4","1.0","0.5","4.0","2.0"
"Απαιτούμενη λήψη","","","","","25.0",""
"Απαιτούμενη αποστολή","","","","","","8.5"
"Λήψη πακέτου (Mbps)","","","","","100.0",""
"Αποστολή πακέτου (Mbps)","","","","","","20.0"
"Περιθώριο ↓ / ↑","","","","","75.0","11.5"
"Κατάσταση","","","","","Επαρκεί","Επαρκεί"
