"Køb","Aktivitet","Enheder","Pr. enhed ↓","Pr. enhed ↑","I alt ↓","I alt ↑"
"Køb 1","Streaming (4K)","1","15.0","0.5","15.0","0.5"
"Køb 2","Videoopkald","2","3.0","3.0","6.0","6.0"
"Køb 3","Browsing og beskeder","4","1.0","0.5","4.0","2.0"
"Nødvendig download","","","","","25.0",""
"Nødvendig upload","","","","","","8.5"
"Abonnement download (Mbit/s)","","","","","100.0",""
"Abonnement upload (Mbit/s)","","","","","","20.0"
"Margin ↓ / ↑","","","","","75.0","11.5"
"Status","","","","","Rækker","Rækker"
