"खरीदारी","गतिविधि","डिवाइस","प्रति डिवाइस ↓","प्रति डिवाइस ↑","कुल ↓","कुल ↑"
"खरीदारी 1","स्ट्रीमिंग (4K)","1","15.0","0.5","15.0","0.5"
"खरीदारी 2","वीडियो कॉल","2","3.0","3.0","6.0","6.0"
"खरीदारी 3","ब्राउज़िंग और मैसेज","4","1.0","0.5","4.0","2.0"
"ज़रूरी डाउनलोड","","","","","25.0",""
"ज़रूरी अपलोड","","","","","","8.5"
"प्लान डाउनलोड (Mbps)","","","","","100.0",""
"प्लान अपलोड (Mbps)","","","","","","20.0"
"मार्जिन ↓ / ↑","","","","","75.0","11.5"
"स्थिति","","","","","काफ़ी है","काफ़ी है"
