"Compra","Actividad","Dispositivos","Por dispositivo ↓","Por dispositivo ↑","Total ↓","Total ↑"
"Compra 1","Streaming (4K)","1","15.0","0.5","15.0","0.5"
"Compra 2","Videollamadas","2","3.0","3.0","6.0","6.0"
"Compra 3","Navegación y mensajería","4","1.0","0.5","4.0","2.0"
"Bajada necesaria","","","","","25.0",""
"Subida necesaria","","","","","","8.5"
"Bajada de la tarifa (Mbps)","","","","","100.0",""
"Subida de la tarifa (Mbps)","","","","","","20.0"
"Margen ↓ / ↑","","","","","75.0","11.5"
"Estado","","","","","Suficiente","Suficiente"
