"Einkauf","Aktivität","Geräte","Pro Gerät ↓","Pro Gerät ↑","Summe ↓","Summe ↑"
"Einkauf 1","Streaming (4K)","1","15.0","0.5","15.0","0.5"
"Einkauf 2","Videoanrufe","2","3.0","3.0","6.0","6.0"
"Einkauf 3","Surfen und Messaging","4","1.0","0.5","4.0","2.0"
"Benötigter Download","","","","","25.0",""
"Benötigter Upload","","","","","","8.5"
"Tarif Download (Mbit/s)","","","","","100.0",""
"Tarif Upload (Mbit/s)","","","","","","20.0"
"Reserve ↓ / ↑","","","","","75.0","11.5"
"Status","","","","","Reicht","Reicht"
