"Belian","Aktiviti","Peranti","Setiap peranti ↓","Setiap peranti ↑","Jumlah ↓","Jumlah ↑"
"Belian 1","Penstriman (4K)","1","15.0","0.5","15.0","0.5"
"Belian 2","Panggilan video","2","3.0","3.0","6.0","6.0"
"Belian 3","Melayari web dan mesej","4","1.0","0.5","4.0","2.0"
"Muat turun diperlukan","","","","","25.0",""
"Muat naik diperlukan","","","","","","8.5"
"Muat turun pelan (Mbps)","","","","","100.0",""
"Muat naik pelan (Mbps)","","","","","","20.0"
"Baki ruang ↓ / ↑","","","","","75.0","11.5"
"Status","","","","","Mencukupi","Mencukupi"
