"รายการซื้อ","กิจกรรม","จำนวนเครื่อง","ต่อเครื่อง ↓","ต่อเครื่อง ↑","รวม ↓","รวม ↑"
"รายการซื้อ 1","สตรีมมิง (4K)","1","15.0","0.5","15.0","0.5"
"รายการซื้อ 2","วิดีโอคอล","2","3.0","3.0","6.0","6.0"
"รายการซื้อ 3","ท่องเว็บและส่งข้อความ","4","1.0","0.5","4.0","2.0"
"ดาวน์โหลดที่ต้องใช้","","","","","25.0",""
"อัปโหลดที่ต้องใช้","","","","","","8.5"
"ดาวน์โหลดตามแพ็กเกจ (Mbps)","","","","","100.0",""
"อัปโหลดตามแพ็กเกจ (Mbps)","","","","","","20.0"
"ส่วนเผื่อ ↓ / ↑","","","","","75.0","11.5"
"สถานะ","","","","","เพียงพอ","เพียงพอ"
