"Compra","Atividade","Dispositivos","Por dispositivo ↓","Por dispositivo ↑","Total ↓","Total ↑"
"Compra 1","Streaming (4K)","1","15.0","0.5","15.0","0.5"
"Compra 2","Videochamadas","2","3.0","3.0","6.0","6.0"
"Compra 3","Navegação e mensagens","4","1.0","0.5","4.0","2.0"
"Download necessário","","","","","25.0",""
"Upload necessário","","","","","","8.5"
"Download do tarifário (Mbps)","","","","","100.0",""
"Upload do tarifário (Mbps)","","","","","","20.0"
"Margem ↓ / ↑","","","","","75.0","11.5"
"Estado","","","","","Chega","Chega"
