"Compra","Atividade","Aparelhos","Por aparelho ↓","Por aparelho ↑","Total ↓","Total ↑"
"Compra 1","Streaming (4K)","1","15.0","0.5","15.0","0.5"
"Compra 2","Chamadas de vídeo","2","3.0","3.0","6.0","6.0"
"Compra 3","Navegação e mensagens","4","1.0","0.5","4.0","2.0"
"Download necessário","","","","","25.0",""
"Upload necessário","","","","","","8.5"
"Download do plano (Mbps)","","","","","100.0",""
"Upload do plano (Mbps)","","","","","","20.0"
"Folga ↓ / ↑","","","","","75.0","11.5"
"Situação","","","","","Dá conta","Dá conta"
