"কেনাকাটা","কার্যক্রম","ডিভাইস","প্রতি ডিভাইস ↓","প্রতি ডিভাইস ↑","মোট ↓","মোট ↑"
"কেনাকাটা 1","স্ট্রিমিং (4K)","1","15.0","0.5","15.0","0.5"
"কেনাকাটা 2","ভিডিও কল","2","3.0","3.0","6.0","6.0"
"কেনাকাটা 3","ব্রাউজিং ও মেসেজ","4","1.0","0.5","4.0","2.0"
"প্রয়োজনীয় ডাউনলোড","","","","","25.0",""
"প্রয়োজনীয় আপলোড","","","","","","8.5"
"প্ল্যান ডাউনলোড (Mbps)","","","","","100.0",""
"প্ল্যান আপলোড (Mbps)","","","","","","20.0"
"মার্জিন ↓ / ↑","","","","","75.0","11.5"
"অবস্থা","","","","","যথেষ্ট","যথেষ্ট"
