"Compra","Activitat","Dispositius","Per dispositiu ↓","Per dispositiu ↑","Total ↓","Total ↑"
"Compra 1","Streaming (4K)","1","15.0","0.5","15.0","0.5"
"Compra 2","Videotrucades","2","3.0","3.0","6.0","6.0"
"Compra 3","Navegació i missatgeria","4","1.0","0.5","4.0","2.0"
"Baixada necessària","","","","","25.0",""
"Pujada necessària","","","","","","8.5"
"Baixada de la tarifa (Mbps)","","","","","100.0",""
"Pujada de la tarifa (Mbps)","","","","","","20.0"
"Marge ↓ / ↑","","","","","75.0","11.5"
"Estat","","","","","Suficient","Suficient"
