"Vásárlás","Tevékenység","Eszközök","Eszközönként ↓","Eszközönként ↑","Összesen ↓","Összesen ↑"
"Vásárlás 1","Streamelés (4K)","1","15.0","0.5","15.0","0.5"
"Vásárlás 2","Videohívások","2","3.0","3.0","6.0","6.0"
"Vásárlás 3","Böngészés és üzenetek","4","1.0","0.5","4.0","2.0"
"Szükséges letöltés","","","","","25.0",""
"Szükséges feltöltés","","","","","","8.5"
"Csomag letöltés (Mbps)","","","","","100.0",""
"Csomag feltöltés (Mbps)","","","","","","20.0"
"Tartalék ↓ / ↑","","","","","75.0","11.5"
"Állapot","","","","","Elég","Elég"
