"Zakup","Aktywność","Urządzenia","Na urządzenie ↓","Na urządzenie ↑","Razem ↓","Razem ↑"
"Zakup 1","Streaming (4K)","1","15.0","0.5","15.0","0.5"
"Zakup 2","Rozmowy wideo","2","3.0","3.0","6.0","6.0"
"Zakup 3","Przeglądanie i wiadomości","4","1.0","0.5","4.0","2.0"
"Potrzebne pobieranie","","","","","25.0",""
"Potrzebne wysyłanie","","","","","","8.5"
"Pobieranie w pakiecie (Mb/s)","","","","","100.0",""
"Wysyłanie w pakiecie (Mb/s)","","","","","","20.0"
"Zapas ↓ / ↑","","","","","75.0","11.5"
"Stan","","","","","Wystarcza","Wystarcza"
