"المشتريات","النشاط","الأجهزة","لكل جهاز ↓","لكل جهاز ↑","الإجمالي ↓","الإجمالي ↑"
"المشتريات 1","بث (4K)","1","15.0","0.5","15.0","0.5"
"المشتريات 2","مكالمات فيديو","2","3.0","3.0","6.0","6.0"
"المشتريات 3","تصفح ومراسلة","4","1.0","0.5","4.0","2.0"
"التنزيل المطلوب","","","","","25.0",""
"الرفع المطلوب","","","","","","8.5"
"تنزيل الباقة (ميجابت/ث)","","","","","100.0",""
"رفع الباقة (ميجابت/ث)","","","","","","20.0"
"الهامش ↓ / ↑","","","","","75.0","11.5"
"الحالة","","","","","كافٍ","كافٍ"
