"Alışveriş","Etkinlik","Cihaz","Cihaz başına ↓","Cihaz başına ↑","Toplam ↓","Toplam ↑"
"Alışveriş 1","Yayın izleme (4K)","1","15.0","0.5","15.0","0.5"
"Alışveriş 2","Görüntülü arama","2","3.0","3.0","6.0","6.0"
"Alışveriş 3","Gezinme ve mesajlaşma","4","1.0","0.5","4.0","2.0"
"Gereken indirme","","","","","25.0",""
"Gereken yükleme","","","","","","8.5"
"Paket indirme (Mbps)","","","","","100.0",""
"Paket yükleme (Mbps)","","","","","","20.0"
"Pay ↓ / ↑","","","","","75.0","11.5"
"Durum","","","","","Yeterli","Yeterli"
