"Belanja","Aktivitas","Perangkat","Per perangkat ↓","Per perangkat ↑","Total ↓","Total ↑"
"Belanja 1","Streaming (4K)","1","15.0","0.5","15.0","0.5"
"Belanja 2","Panggilan video","2","3.0","3.0","6.0","6.0"
"Belanja 3","Browsing dan pesan","4","1.0","0.5","4.0","2.0"
"Unduh yang dibutuhkan","","","","","25.0",""
"Unggah yang dibutuhkan","","","","","","8.5"
"Unduh paket (Mbps)","","","","","100.0",""
"Unggah paket (Mbps)","","","","","","20.0"
"Sisa ruang ↓ / ↑","","","","","75.0","11.5"
"Status","","","","","Cukup","Cukup"
