"Món mua","Hoạt động","Số thiết bị","Mỗi thiết bị ↓","Mỗi thiết bị ↑","Tổng ↓","Tổng ↑"
"Món mua 1","Xem phim (4K)","1","15.0","0.5","15.0","0.5"
"Món mua 2","Gọi video","2","3.0","3.0","6.0","6.0"
"Món mua 3","Lướt web và nhắn tin","4","1.0","0.5","4.0","2.0"
"Tải xuống cần có","","","","","25.0",""
"Tải lên cần có","","","","","","8.5"
"Tải xuống của gói (Mbps)","","","","","100.0",""
"Tải lên của gói (Mbps)","","","","","","20.0"
"Phần dư ↓ / ↑","","","","","75.0","11.5"
"Trạng thái","","","","","Đủ","Đủ"
