"Покупка","Занятие","Устройств","На устройство ↓","На устройство ↑","Итого ↓","Итого ↑"
"Покупка 1","Стриминг (4K)","1","15.0","0.5","15.0","0.5"
"Покупка 2","Видеозвонки","2","3.0","3.0","6.0","6.0"
"Покупка 3","Браузер и мессенджеры","4","1.0","0.5","4.0","2.0"
"Нужно скачивание","","","","","25.0",""
"Нужна отдача","","","","","","8.5"
"Тариф: скачивание (Мбит/с)","","","","","100.0",""
"Тариф: отдача (Мбит/с)","","","","","","20.0"
"Запас ↓ / ↑","","","","","75.0","11.5"
"Статус","","","","","Хватает","Хватает"
