"Achat","Activité","Appareils","Par appareil ↓","Par appareil ↑","Total ↓","Total ↑"
"Achat 1","Streaming (4K)","1","15.0","0.5","15.0","0.5"
"Achat 2","Appels vidéo","2","3.0","3.0","6.0","6.0"
"Achat 3","Navigation et messagerie","4","1.0","0.5","4.0","2.0"
"Débit descendant requis","","","","","25.0",""
"Débit montant requis","","","","","","8.5"
"Débit descendant de l'offre (Mbps)","","","","","100.0",""
"Débit montant de l'offre (Mbps)","","","","","","20.0"
"Marge ↓ / ↑","","","","","75.0","11.5"
"Statut","","","","","Suffisant","Suffisant"
