"Kjøp","Aktivitet","Enheter","Per enhet ↓","Per enhet ↑","Sum ↓","Sum ↑"
"Kjøp 1","Strømming (4K)","1","15.0","0.5","15.0","0.5"
"Kjøp 2","Videosamtaler","2","3.0","3.0","6.0","6.0"
"Kjøp 3","Surfing og meldinger","4","1.0","0.5","4.0","2.0"
"Nødvendig nedlasting","","","","","25.0",""
"Nødvendig opplasting","","","","","","8.5"
"Abonnement nedlasting (Mbit/s)","","","","","100.0",""
"Abonnement opplasting (Mbit/s)","","","","","","20.0"
"Margin ↓ / ↑","","","","","75.0","11.5"
"Status","","","","","Holder","Holder"
