"କିଣାକିଣି","କାର୍ଯ୍ୟ","ଡିଭାଇସ୍","ପ୍ରତି ଡିଭାଇସ୍ ↓","ପ୍ରତି ଡିଭାଇସ୍ ↑","ମୋଟ ↓","ମୋଟ ↑"
"କିଣାକିଣି 1","ଷ୍ଟ୍ରିମିଂ (4K)","1","15.0","0.5","15.0","0.5"
"କିଣାକିଣି 2","ଭିଡିଓ କଲ୍","2","3.0","3.0","6.0","6.0"
"କିଣାକିଣି 3","ବ୍ରାଉଜିଂ ଓ ମେସେଜ୍","4","1.0","0.5","4.0","2.0"
"ଆବଶ୍ୟକ ଡାଉନଲୋଡ୍","","","","","25.0",""
"ଆବଶ୍ୟକ ଅପଲୋଡ୍","","","","","","8.5"
"ପ୍ଲାନ୍ ଡାଉନଲୋଡ୍ (Mbps)","","","","","100.0",""
"ପ୍ଲାନ୍ ଅପଲୋଡ୍ (Mbps)","","","","","","20.0"
"ମାର୍ଜିନ ↓ / ↑","","","","","75.0","11.5"
"ସ୍ଥିତି","","","","","ଯଥେଷ୍ଟ","ଯଥେଷ୍ଟ"
