"Purchase","Activity","Devices","Per device ↓","Per device ↑","Total ↓","Total ↑"
"Purchase 1","Streaming (4K)","1","15.0","0.5","15.0","0.5"
"Purchase 2","Video calls","2","3.0","3.0","6.0","6.0"
"Purchase 3","Browsing and messaging","4","1.0","0.5","4.0","2.0"
"Needed download","","","","","25.0",""
"Needed upload","","","","","","8.5"
"Plan download (Mbps)","","","","","100.0",""
"Plan upload (Mbps)","","","","","","20.0"
"Headroom ↓ / ↑","","","","","75.0","11.5"
"Status","","","","","Fits","Fits"
