"Cumpărătură","Activitate","Dispozitive","Pe dispozitiv ↓","Pe dispozitiv ↑","Total ↓","Total ↑"
"Cumpărătură 1","Streaming (4K)","1","15.0","0.5","15.0","0.5"
"Cumpărătură 2","Apeluri video","2","3.0","3.0","6.0","6.0"
"Cumpărătură 3","Navigare și mesaje","4","1.0","0.5","4.0","2.0"
"Descărcare necesară","","","","","25.0",""
"Încărcare necesară","","","","","","8.5"
"Descărcare abonament (Mbps)","","","","","100.0",""
"Încărcare abonament (Mbps)","","","","","","20.0"
"Rezervă ↓ / ↑","","","","","75.0","11.5"
"Stare","","","","","Ajunge","Ajunge"
