"Nákup","Činnost","Zařízení","Na zařízení ↓","Na zařízení ↑","Celkem ↓","Celkem ↑"
"Nákup 1","Streamování (4K)","1","15.0","0.5","15.0","0.5"
"Nákup 2","Videohovory","2","3.0","3.0","6.0","6.0"
"Nákup 3","Prohlížení a zprávy","4","1.0","0.5","4.0","2.0"
"Potřebné stahování","","","","","25.0",""
"Potřebné odesílání","","","","","","8.5"
"Tarif stahování (Mb/s)","","","","","100.0",""
"Tarif odesílání (Mb/s)","","","","","","20.0"
"Rezerva ↓ / ↑","","","","","75.0","11.5"
"Stav","","","","","Stačí","Stačí"
