"కొనుగోలు","కార్యకలాపం","పరికరాలు","ఒక్కో పరికరానికి ↓","ఒక్కో పరికరానికి ↑","మొత్తం ↓","మొత్తం ↑"
"కొనుగోలు 1","స్ట్రీమింగ్ (4K)","1","15.0","0.5","15.0","0.5"
"కొనుగోలు 2","వీడియో కాల్స్","2","3.0","3.0","6.0","6.0"
"కొనుగోలు 3","బ్రౌజింగ్ మరియు మెసేజ్‌లు","4","1.0","0.5","4.0","2.0"
"అవసరమైన డౌన్‌లోడ్","","","","","25.0",""
"అవసరమైన అప్‌లోడ్","","","","","","8.5"
"ప్లాన్ డౌన్‌లోడ్ (Mbps)","","","","","100.0",""
"ప్లాన్ అప్‌లోడ్ (Mbps)","","","","","","20.0"
"మార్జిన్ ↓ / ↑","","","","","75.0","11.5"
"స్థితి","","","","","సరిపోతుంది","సరిపోతుంది"
